2014-04-18	0.25
2014-04-19	0.5454545454545454
2014-04-20	0.5
2014-04-21	0.0
2014-04-22	0.6730769230769231
2014-04-23	0.5161290322580645
2014-04-24	0.5
2014-04-25	0.20253164556962025
2014-04-26	0.9047619047619048
2014-04-27	0.39344262295081966
2014-04-28	0.2717391304347826
2014-04-29	0.06451612903225806
2014-04-30	0.5128205128205128
2014-05-01	0.7096774193548387
2014-05-02	0.6379310344827587
2014-05-03	0.52
2014-05-04	0.24193548387096775
2014-05-05	0.6021505376344086
2014-05-06	0.2983425414364641
2014-05-07	0.6538461538461539
2014-05-08	0.5925925925925926
2014-05-09	0.8736263736263736
2014-05-10	0.75
2014-05-11	0.7238805970149254
2014-05-12	0.8718861209964412
2014-05-13	0.6642335766423357
2014-05-14	0.7980769230769231
2014-05-15	0.6859504132231405
2014-05-16	0.7692307692307693
2014-05-17	0.6133333333333333
2014-05-18	0.9298245614035088
2014-05-19	0.7930327868852459
2014-05-20	0.8217391304347826
2014-05-21	0.8818443804034583
2014-05-22	0.8574423480083857
2014-05-23	0.8850226928895613
2014-05-24	0.8382066276803118
2014-05-25	0.8775235531628532
2014-05-26	0.9400503778337531
2014-05-27	0.904510556621881
2014-05-28	0.9328859060402684
2014-05-29	0.9828141783029001
2014-05-30	0.913323782234957
2014-05-31	0.9757236227824463
2014-06-01	0.9330434782608695
2014-06-02	0.9946416610850636
2014-06-03	0.963531669865643
2014-06-04	0.9428191489361702
2014-06-05	0.9895429899302866
2014-06-06	0.987565445026178
2014-06-07	0.974025974025974
2014-06-08	0.9909613804437141
2014-06-09	0.9917324314167606
2014-06-10	0.9805261359754014
2014-06-11	0.9783677482792527
2014-06-12	0.9925893635571055
2014-06-13	0.9948886454910552
2014-06-14	0.9832474226804123
2014-06-15	0.9824106646917238
2014-06-16	0.9595980311730927
2014-06-17	0.9779811974270163
2014-06-18	0.9907309322033898
2014-06-19	0.9850270004909181
2014-06-20	0.9770504138449962
2014-06-21	0.9837096313232352
2014-06-22	0.9758992805755395
2014-06-23	0.9803149606299213
2014-06-24	0.9857768052516411
2014-06-25	0.9717020391177694
2014-06-26	0.9836136265631737
2014-06-27	0.9913793103448276
2014-06-28	0.981574539363484
2014-06-29	0.9837486457204767
2014-06-30	0.977977977977978
2014-07-01	0.9626512361914782
2014-07-02	0.9842164599774521
2014-07-03	0.9850905218317358
2014-07-04	0.9871364653243848
2014-07-05	0.9888751545117429
2014-07-06	0.9797377830750894
2014-07-07	0.983289817232376
2014-07-08	0.9854054054054054
2014-07-09	0.9491322561340515
2014-07-10	0.8732484076433121
2014-07-11	0.8715909090909091
2014-07-12	0.8529621698786581
2014-07-13	0.8597491448118586
2014-07-14	0.8400520156046815
2014-07-15	0.8953846153846153
2014-07-16	0.9201489449731072
2014-07-17	0.8905109489051095
2014-07-18	0.843092406221409
2014-07-19	0.7858267716535433
2014-07-20	0.7834362139917695
2014-07-21	0.7738039944263818
2014-07-22	0.7923990498812351
2014-07-23	0.7204636647347302
2014-07-24	0.6187529747739172
2014-07-25	0.7217068645640075
2014-07-26	0.6802860061287027
2014-07-27	0.6847609561752988
2014-07-28	0.6903648269410664
2014-07-29	0.6869983948635634
2014-07-30	0.6192619261926192
2014-07-31	0.7554296506137866
2014-08-01	0.7392974753018661
2014-08-02	0.7210557888422315
2014-08-03	0.6787196206283344
2014-08-04	0.6651234567901234
2014-08-05	0.639102564102564
2014-08-06	0.6138613861386139
2014-08-07	0.6295081967213115
2014-08-08	0.6245353159851301
2014-08-09	0.6170212765957447
2014-08-10	0.6066536203522505
2014-08-11	0.5995903737839222
2014-08-12	0.6178477690288714
2014-08-13	0.5067846607669616
2014-08-14	0.5578786333503315
2014-08-15	0.5131017672151127
2014-08-16	0.5638766519823789
2014-08-17	0.5566687539135879
2014-08-18	0.5679910464465585
2014-08-19	0.5232815964523282
2014-08-20	0.5977060322854716
2014-08-21	0.4840970350404313
2014-08-22	0.49947423764458465
2014-08-23	0.23317972350230415
2014-08-24	0.33345642540620385
2014-08-25	0.7180094786729858
2014-08-26	0.7515290519877675
2014-08-27	0.7998228520814881
2014-08-28	0.8091190108191654
2014-08-29	0.8360128617363344
2014-08-30	0.8345864661654135
2014-08-31	0.8161499639509733
2014-09-01	0.7766295707472178
2014-09-02	0.7975103734439835
2014-09-03	0.3070728291316527
2014-09-04	0.48906964921199797
2014-09-05	0.8667413213885778
2014-09-06	0.848587570621469
2014-09-07	0.8727477477477478
2014-09-08	0.862788144895719
2014-09-09	0.8700623700623701
2014-09-10	0.8739205526770294
2014-09-11	0.8695652173913043
2014-09-12	0.8489968321013728
2014-09-13	0.8375149342891278
2014-09-14	0.8271144278606966
2014-09-15	0.7993421052631579
2014-09-16	0.8394495412844036
2014-09-17	0.7885167464114833
2014-09-18	0.8100208768267223
2014-09-19	0.7452229299363057
2014-09-20	0.6589861751152074
2014-09-21	0.7513416815742398
2014-09-22	0.7848244620611552
2014-09-23	0.7266401590457257
2014-09-24	0.8102893890675241
2014-09-25	0.8212669683257918
2014-09-26	0.8175074183976261
2014-09-27	0.6966824644549763
2014-09-28	0.821608040201005
2014-09-29	0.8166449934980494
2014-09-30	0.8447837150127226
2014-10-01	0.8433292533659731
2014-10-02	0.8055130168453293
2014-10-03	0.8385269121813032
2014-10-04	0.822429906542056
2014-10-05	0.8350364963503649
2014-10-06	0.7905511811023622
2014-10-07	0.8224582701062215
2014-10-08	0.8387978142076503
2014-10-09	0.8270348837209303
2014-10-10	0.8523002421307506
2014-10-11	0.7906574394463668
2014-10-12	0.8135313531353136
2014-10-13	0.8413597733711048
2014-10-14	0.8215384615384616
2014-10-15	0.7872340425531915
2014-10-16	0.8026565464895635
2014-10-17	0.7448275862068966
2014-10-18	0.8032128514056225
2014-10-19	0.8038528896672504
2014-10-20	0.809052333804809
2014-10-21	0.8091216216216216
2014-10-22	0.8259629101283881
2014-10-23	0.8401162790697675
2014-10-24	0.7821939586645469
2014-10-25	0.7925373134328358
2014-10-26	0.7939297124600639
2014-10-27	0.9174917491749175
2014-10-28	0.8865131578947368
2014-10-29	0.9028985507246376
2014-10-30	0.8736654804270463
2014-10-31	0.874766355140187
2014-11-01	0.852017937219731
2014-11-02	0.8574610244988864
2014-11-03	0.906896551724138
2014-11-04	0.9073083778966132
2014-11-05	0.9089219330855018
2014-11-06	0.9078260869565218
2014-11-07	0.8878504672897196
2014-11-08	0.8916827852998066
2014-11-09	0.9060955518945635
2014-11-10	0.9278499278499278
2014-11-11	0.9024390243902439
2014-11-12	0.9226305609284333
2014-11-13	0.9320276497695853
2014-11-14	0.935881627620222
2014-11-15	0.9409547738693468
2014-11-16	0.952317880794702
2014-11-17	0.9342657342657342
2014-11-18	0.9425587467362925
2014-11-19	0.9001919385796545
2014-11-20	0.9096153846153846
2014-11-21	0.9222560975609756
2014-11-22	0.9148211243611585
2014-11-23	0.8850072780203785
2014-11-24	0.9159120310478654
2014-11-25	0.9184043517679057
2014-11-26	0.9331896551724138
2014-11-27	0.9489795918367347
2014-11-28	0.9390862944162437
2014-11-29	0.9079939668174962
2014-11-30	0.912932138284251
2014-12-01	0.9256410256410257
2014-12-02	0.9049479166666666
2014-12-03	0.9052132701421801
2014-12-04	0.9129834254143646
2014-12-05	0.8781645569620253
2014-12-06	0.7376788553259142
2014-12-07	0.8841354723707665
2014-12-08	0.8606431852986217
2014-12-09	0.8899521531100478
2014-12-10	0.8285256410256411
2014-12-11	0.843558282208589
2014-12-12	0.878125
2014-12-13	0.8723404255319149
2014-12-14	0.8815261044176707
2014-12-15	0.86084142394822
2014-12-16	0.8435754189944135
2014-12-17	0.8847222222222222
2014-12-18	0.7936267071320182
2014-12-19	0.594855305466238
2014-12-20	0.4657534246575342
2014-12-21	0.8800675675675675
2014-12-22	0.9047619047619048
2014-12-23	0.8693759071117562
2014-12-24	0.9028871391076115
2014-12-25	0.8671328671328671
2014-12-26	0.9218045112781955
2014-12-27	0.8642335766423358
2014-12-28	0.8788968824940048
2014-12-29	0.8567375886524823
2014-12-30	0.8803827751196173
2014-12-31	0.8705882352941177
2015-01-01	0.8272980501392758
2015-01-02	0.8722943722943723
2015-01-03	0.8758620689655172
2015-01-04	0.8621323529411765
2015-01-05	0.7636363636363637
2015-01-06	0.8355555555555556
2015-01-07	0.8901569186875892
2015-01-08	0.8184568835098336
2015-01-09	0.8286290322580645
2015-01-10	0.8791390728476821
2015-01-11	0.848531684698609
2015-01-12	0.8806584362139918
2015-01-13	0.9175531914893617
2015-01-14	0.8619676945668135
2015-01-15	0.8876755070202809
2015-01-16	0.8820598006644518
2015-01-17	0.8780487804878049
2015-01-18	0.8352941176470589
2015-01-19	0.921612541993281
2015-01-20	0.8716323296354992
2015-01-21	0.8040638606676342
2015-01-22	0.761969904240766
2015-01-23	0.8562367864693446
2015-01-24	0.7306501547987616
2015-01-25	0.7771587743732591
2015-01-26	0.9080694586312564
2015-01-27	0.7747252747252747
2015-01-28	0.8936507936507937
2015-01-29	0.8872620790629575
2015-01-30	0.8587570621468926
2015-01-31	0.8481421647819063
2015-02-01	0.8894389438943895
2015-02-02	0.8795379537953796
2015-02-03	0.8459214501510574
2015-02-04	0.8003472222222222
2015-02-05	0.8497854077253219
2015-02-06	0.8185185185185185
2015-02-07	0.8584534731323722
2015-02-08	0.8284023668639053
2015-02-09	0.8645484949832776
2015-02-10	0.8314087759815243
2015-02-11	0.8420221169036335
2015-02-12	0.8089285714285714
2015-02-13	0.7859477124183006
2015-02-14	0.7326007326007326
2015-02-15	0.7976782752902156
2015-02-16	0.7843137254901961
2015-02-17	0.7985480943738656
2015-02-18	0.7802359882005899
2015-02-19	0.776173285198556
2015-02-20	0.8383333333333334
2015-02-21	0.8304093567251462
2015-02-22	0.7934560327198364
2015-02-23	0.7809307604994324
2015-02-24	0.8479087452471483
2015-02-25	0.8198198198198198
2015-02-26	0.8084507042253521
2015-02-27	0.8
2015-02-28	0.7695035460992907
2015-03-01	0.7303664921465969
2015-03-02	0.7945791726105563
2015-03-03	0.7903614457831325
2015-03-04	0.7848837209302325
2015-03-05	0.7430769230769231
2015-03-06	0.7993827160493827
2015-03-07	0.8487712665406427
2015-03-08	0.7977099236641222
2015-03-09	0.84472049689441
2015-03-10	0.7938053097345132
2015-03-11	0.8086070215175538
2015-03-12	0.7892503536067893
2015-03-13	0.8550185873605948
2015-03-14	0.8733233979135618
2015-03-15	0.8256624825662483
2015-03-16	0.8734419942473634
2015-03-17	0.8396464646464646
2015-03-18	0.8248275862068966
2015-03-19	0.8410194174757282
2015-03-20	0.8390804597701149
2015-03-21	0.8341836734693877
2015-03-22	0.8364978902953587
2015-03-23	0.8759541984732825
2015-03-24	0.8320413436692506
2015-03-25	0.7951219512195122
2015-03-26	0.8092848180677541
2015-03-27	0.8195679796696315
2015-03-28	0.842925659472422
2015-03-29	0.7807228915662651
2015-03-30	0.8104651162790698
2015-03-31	0.8118049615055604
2015-04-01	0.8367139959432048
2015-04-02	0.832
2015-04-03	0.8644278606965174
2015-04-04	0.7704517704517705
2015-04-05	0.7660818713450293
2015-04-06	0.809462915601023
2015-04-07	0.7847919655667145
2015-04-08	0.8273572377158035
2015-04-09	0.8040268456375839
2015-04-10	0.8151476251604621
2015-04-11	0.8437956204379562
2015-04-12	0.7366720516962844
2015-04-13	0.8401048492791612
2015-04-14	0.7487179487179487
2015-04-15	0.8124118476727785
2015-04-16	0.8667582417582418
2015-04-17	0.8487874465049928
2015-04-18	0.8517298187808896
2015-04-19	0.8744038155802861
2015-04-20	0.5817535545023697
2015-04-21	0.7582562747688243
2015-04-22	0.8370044052863436
2015-04-23	0.7387518142235123
2015-04-24	0.7664359861591695
2015-04-25	0.8111888111888111
2015-04-26	0.8635607321131448
2015-04-27	0.8566610455311973
2015-04-28	0.8452173913043478
2015-04-29	0.7863247863247863
2015-04-30	0.7716390423572744
2015-05-01	0.7777777777777778
2015-05-02	0.8241563055062167
2015-05-03	0.7838827838827839
2015-05-04	0.7478632478632479
2015-05-05	0.6763285024154589
2015-05-06	0.7881508078994613
2015-05-07	0.759765625
2015-05-08	0.8362204724409449
2015-05-09	0.805940594059406
2015-05-10	0.7730061349693251
2015-05-11	0.7944983818770227
2015-05-12	0.8229954614220878
2015-05-13	0.7758007117437722
2015-05-14	0.7903494176372712
2015-05-15	0.7733812949640287
2015-05-16	0.7548500881834215
2015-05-17	0.7602862254025045
2015-05-18	0.8171091445427728
2015-05-19	0.8330275229357799
2015-05-20	0.7418899858956276
2015-05-21	0.7693761814744802
2015-05-22	0.791814946619217
2015-05-23	0.775047258979206
2015-05-24	0.7631103074141049
2015-05-25	0.7631578947368421
2015-05-26	0.7308488612836439
2015-05-27	0.7861163227016885
2015-05-28	0.7727272727272727
2015-05-29	0.7756183745583038
2015-05-30	0.7142857142857143
2015-05-31	0.8538732394366197
2015-06-01	0.7526881720430108
2015-06-02	0.8043087971274686
2015-06-03	0.856418918918919
2015-06-04	0.7632135306553911
2015-06-05	0.8244147157190636
2015-06-06	0.751937984496124
2015-06-07	0.7915993537964459
2015-06-08	0.8151750972762646
2015-06-09	0.6840958605664488
2015-06-10	0.765993265993266
2015-06-11	0.7101669195751138
2015-06-12	0.7652859960552268
2015-06-13	0.782608695652174
2015-06-14	0.7652495378927912
2015-06-15	0.7544483985765125
2015-06-16	0.7887323943661971
2015-06-17	0.7879656160458453
2015-06-18	0.7738287560581584
2015-06-19	0.8224956063268892
2015-06-20	0.6293103448275862
2015-06-21	0.72875226039783
2015-06-22	0.7434094903339191
2015-06-23	0.7466918714555766
2015-06-24	0.711764705882353
2015-06-25	0.7397504456327986
2015-06-26	0.7704347826086957
2015-06-27	0.6784810126582278
2015-06-28	0.7249190938511327
2015-06-29	0.6636363636363637
2015-06-30	0.7588235294117647
2015-07-01	0.6904276985743381
2015-07-02	0.6939890710382514
2015-07-03	0.7444029850746269
2015-07-04	0.680089485458613
2015-07-05	0.7494908350305499
2015-07-06	0.7315689981096408
2015-07-07	0.74235807860262
2015-07-08	0.6959578207381371
2015-07-09	0.665871121718377
2015-07-10	0.7728026533996684
2015-07-11	0.6723259762308998
2015-07-12	0.694331983805668
2015-07-13	0.7801047120418848
2015-07-14	0.7297297297297297
2015-07-15	0.7845188284518828
2015-07-16	0.7668711656441718
2015-07-17	0.611731843575419
2015-07-18	0.6565656565656566
2015-07-19	0.701123595505618
2015-07-20	0.7343234323432343
2015-07-21	0.6923076923076923
2015-07-22	0.7180327868852459
2015-07-23	0.6786427145708582
2015-07-24	0.7406542056074766
2015-07-25	0.7729166666666667
2015-07-26	0.7711442786069652
2015-07-27	0.7444852941176471
2015-07-28	0.7019543973941368
2015-07-29	0.7476979742173112
2015-07-30	0.7563176895306859
2015-07-31	0.7106299212598425
2015-08-01	0.7580299785867237
2015-08-02	0.7647058823529411
2015-08-03	0.6379310344827587
2015-08-04	0.7106382978723405
2015-08-05	0.6607142857142857
2015-08-06	0.6725
2015-08-07	0.7060478199718706
2015-08-08	0.647912885662432
2015-08-09	0.6923076923076923
2015-08-10	0.6853146853146853
2015-08-11	0.7304492512479202
2015-08-12	0.721030042918455
2015-08-13	0.7523277467411545
2015-08-14	0.7182320441988951
2015-08-15	0.6858316221765913
2015-08-16	0.7379603399433428
2015-08-17	0.7394695787831513
2015-08-18	0.6351851851851852
2015-08-19	0.7321428571428571
2015-08-20	0.7124735729386892
2015-08-21	0.7189655172413794
2015-08-22	0.6551724137931034
2015-08-23	0.7555012224938875
2015-08-24	0.786618444846293
2015-08-25	0.7684824902723736
2015-08-26	0.6537585421412301
2015-08-27	0.7854166666666667
2015-08-28	0.6682577565632458
2015-08-29	0.7248803827751196
2015-08-30	0.5326460481099656
2015-08-31	0.6661264181523501
2015-09-01	0.8084795321637427
2015-09-02	0.8369565217391305
2015-09-03	0.7736434108527132
2015-09-04	0.668903803131991
2015-09-05	0.7416173570019724
2015-09-06	0.5597189695550351
2015-09-07	0.7504873294346979
2015-09-08	0.6893424036281179
2015-09-09	0.6518987341772152
2015-09-10	0.6392785571142284
2015-09-11	0.5198019801980198
2015-09-12	0.6349614395886889
2015-09-13	0.7150442477876107
2015-09-14	0.6677067082683308
2015-09-15	0.6021699819168174
2015-09-16	0.4365904365904366
2015-09-17	0.7084078711985689
2015-09-18	0.4489402697495183
2015-09-19	0.6179540709812108
2015-09-20	0.5837988826815642
2015-09-21	0.7104761904761905
2015-09-22	0.7505376344086021
2015-09-23	0.683495145631068
2015-09-24	0.6944444444444444
2015-09-25	0.696526508226691
2015-09-26	0.585635359116022
2015-09-27	0.7817836812144212
2015-09-28	0.6637362637362637
2015-09-29	0.710204081632653
2015-09-30	0.7414721723518851
2015-10-01	0.5907928388746803
2015-10-02	0.7687296416938111
2015-10-03	0.7038724373576309
2015-10-04	0.6878727634194831
2015-10-05	0.7162471395881007
2015-10-06	0.7607758620689655
2015-10-07	0.5948905109489051
2015-10-08	0.7495590828924162
2015-10-09	0.716589861751152
2015-10-10	0.6987012987012987
2015-10-11	0.6377952755905512
2015-10-12	0.7266666666666667
2015-10-13	0.7297297297297297
2015-10-14	0.5975855130784709
2015-10-15	0.7823275862068966
2015-10-16	0.7193396226415094
2015-10-17	0.7040169133192389
2015-10-18	0.7621951219512195
2015-10-19	0.7259528130671506
2015-10-20	0.7024793388429752
2015-10-21	0.7096153846153846
2015-10-22	0.6825688073394496
2015-10-23	0.6285178236397748
2015-10-24	0.7442396313364056
2015-10-25	0.5471698113207547
2015-10-26	0.8411602209944752
2015-10-27	0.5691609977324263
2015-10-28	0.7761989342806395
2015-10-29	0.6513317191283293
2015-10-30	0.7864271457085829
2015-10-31	0.7095238095238096
2015-11-01	0.8287671232876712
2015-11-02	0.6637362637362637
2015-11-03	0.7177814029363785
2015-11-04	0.5834862385321101
2015-11-05	0.6924342105263158
2015-11-06	0.628808864265928
2015-11-07	0.7042606516290727
2015-11-08	0.7444444444444445
2015-11-09	0.7028112449799196
2015-11-10	0.6733212341197822
2015-11-11	0.6735966735966736
2015-11-12	0.7019230769230769
2015-11-13	0.6486486486486487
2015-11-14	0.7715430861723447
2015-11-15	0.5846153846153846
2015-11-16	0.7546468401486989
2015-11-17	0.722707423580786
2015-11-18	0.6891304347826087
2015-11-19	0.7258064516129032
2015-11-20	0.6745843230403801
2015-11-21	0.6592592592592592
2015-11-22	0.6987951807228916
2015-11-23	0.712468193384224
2015-11-24	0.6809421841541756
2015-11-25	0.731457800511509
2015-11-26	0.7106481481481481
2015-11-27	0.643312101910828
2015-11-28	0.6721698113207547
2015-11-29	0.7256637168141593
2015-11-30	0.7963576158940397
2015-12-01	0.7439024390243902
2015-12-02	0.698876404494382
2015-12-03	0.7152173913043478
2015-12-04	0.649895178197065
2015-12-05	0.7847113884555382
2015-12-06	0.6337662337662338
2015-12-07	0.7715231788079471
2015-12-08	0.6637168141592921
2015-12-09	0.7368421052631579
2015-12-10	0.7392290249433107
2015-12-11	0.4700996677740864
2015-12-12	0.6755555555555556
2015-12-13	0.6860215053763441
2015-12-14	0.7299145299145299
2015-12-15	0.6896551724137931
2015-12-16	0.6401766004415012
2015-12-17	0.6873563218390805
2015-12-18	0.7139423076923077
2015-12-19	0.6558823529411765
2015-12-20	0.7261146496815286
2015-12-21	0.7021276595744681
2015-12-22	0.7077244258872651
2015-12-23	0.7244258872651357
2015-12-24	0.7519083969465649
2015-12-25	0.6798679867986799
2015-12-26	0.6951219512195121
2015-12-27	0.8070500927643784
2015-12-28	0.6219081272084805
2015-12-29	0.651702786377709
2015-12-30	0.6764705882352942
2015-12-31	0.7333333333333333
2016-01-01	0.7791411042944786
2016-01-02	0.7735042735042735
2016-01-03	0.7777777777777778
2016-01-04	0.8158940397350993
2016-01-05	0.6731601731601732
2016-01-06	0.6492693110647182
2016-01-07	0.6936936936936937
2016-01-08	0.6738609112709832
2016-01-09	0.6951754385964912
2016-01-10	0.7884267631103075
2016-01-11	0.6940928270042194
2016-01-12	0.7516629711751663
2016-01-13	0.6907730673316709
2016-01-14	0.724373576309795
2016-01-15	0.7751937984496124
2016-01-16	0.7068965517241379
2016-01-17	0.5890736342042755
2016-01-18	0.5328614762386249
2016-01-19	0.5689948892674617
2016-01-20	0.4064935064935065
2016-01-21	0.5929203539823009
2016-01-22	0.710091743119266
2016-01-23	0.6459227467811158
2016-01-24	0.7345971563981043
2016-01-25	0.639344262295082
2016-01-26	0.6520618556701031
2016-01-27	0.6943907156673114
2016-01-28	0.7018867924528301
2016-01-29	0.7289719626168224
2016-01-30	0.760932944606414
2016-01-31	0.6335697399527187
2016-02-01	0.7736318407960199
2016-02-02	0.45491803278688525
2016-02-03	0.6907730673316709
2016-02-04	0.7018867924528301
2016-02-05	0.6633416458852868
2016-02-06	0.7071240105540897
2016-02-07	0.8128930817610063
2016-02-08	0.7164179104477612
2016-02-09	0.6193181818181818
2016-02-10	0.6507633587786259
2016-02-11	0.699443413729128
2016-02-12	0.6975717439293598
2016-02-13	0.49953917050691243
2016-02-14	0.6532258064516129
2016-02-15	0.4922341696535245
2016-02-16	0.6020408163265306
2016-02-17	0.6077348066298343
2016-02-18	0.7
2016-02-19	0.6415094339622641
2016-02-20	0.6567717996289425
2016-02-21	0.7193798449612403
2016-02-22	0.591304347826087
2016-02-23	0.6638297872340425
2016-02-24	0.6869070208728653
2016-02-25	0.7355212355212355
2016-02-26	0.6265306122448979
2016-02-27	0.6036585365853658
2016-02-28	0.7126168224299065
2016-02-29	0.71869918699187
2016-03-01	0.6806569343065694
2016-03-02	0.6544715447154471
2016-03-03	0.5772357723577236
2016-03-04	0.5739495798319327
2016-03-05	0.47385103011093505
2016-03-06	0.3972602739726027
2016-03-07	0.5823754789272031
2016-03-08	0.6510791366906474
2016-03-09	0.5844961240310077
2016-03-10	0.6479099678456591
2016-03-11	0.6382978723404256
2016-03-12	0.6185567010309279
2016-03-13	0.5343642611683849
2016-03-14	0.6754617414248021
2016-03-15	0.6174698795180723
2016-03-16	0.6408317580340265
2016-03-17	0.5435244161358811
2016-03-18	0.6027918781725888
2016-03-19	0.5916149068322981
2016-03-20	0.5777233782129743
2016-03-21	0.640268456375839
2016-03-22	0.5846338535414166
2016-03-23	0.48484848484848486
2016-03-24	0.005639097744360902
2016-03-25	0.0025188916876574307
2016-03-26	0.09063444108761329
2016-03-27	0.051630434782608696
2016-03-28	0.0035398230088495575
2016-03-29	0.0018315018315018315
2016-03-30	0.0
2016-03-31	0.0015822784810126582
2016-04-01	0.002583979328165375
2016-04-02	0.1467780429594272
2016-04-03	0.00931098696461825
2016-04-04	0.0
2016-04-05	0.0018450184501845018
2016-04-06	0.004629629629629629
2016-04-07	0.002277904328018223
2016-04-08	0.0
2016-04-09	0.0018832391713747645
2016-04-10	0.011516314779270634
2016-04-11	0.0
2016-04-12	0.0021691973969631237
2016-04-13	0.004629629629629629
2016-04-14	0.20725388601036268
2016-04-15	0.005859375
2016-04-16	0.007792207792207792
2016-04-17	0.0021598272138228943
2016-04-18	0.005221932114882507
2016-04-19	0.0
2016-04-20	0.0
2016-04-21	0.007653061224489796
2016-04-22	0.0026455026455026454
2016-04-23	0.0033003300330033004
2016-04-24	0.0
2016-04-25	0.0
2016-04-26	0.0031545741324921135
2016-04-27	0.0041841004184100415
2016-04-28	0.0022371364653243847
2016-04-29	0.0
2016-04-30	0.0
2016-05-01	0.0037735849056603774
2016-05-02	0.0
2016-05-03	0.0
2016-05-04	0.0
2016-05-05	0.0
2016-05-06	0.00641025641025641
2016-05-07	0.0033112582781456954
2016-05-08	0.0027624309392265192
2016-05-09	0.0
2016-05-10	0.0
2016-05-11	0.0
2016-05-12	0.0
2016-05-13	0.037333333333333336
2016-05-14	0.014545454545454545
2016-05-15	0.0
2016-05-16	0.0021551724137931034
2016-05-17	0.0
2016-05-18	0.0
2016-05-19	0.002336448598130841
2016-05-20	0.004819277108433735
2016-05-21	0.0047169811320754715
2016-05-22	0.0
2016-05-23	0.0
2016-05-24	0.003215434083601286
2016-05-25	0.0
2016-05-26	0.0
2016-05-27	0.00205761316872428
2016-05-28	0.002770083102493075
2016-05-29	0.0
2016-05-30	0.006109979633401222
2016-05-31	0.0025188916876574307
2016-06-01	0.0
2016-06-02	0.0
2016-06-03	0.0
2016-06-04	0.0
2016-06-05	0.0
2016-06-06	0.0
2016-06-07	0.006578947368421052
2016-06-08	0.0025252525252525255
2016-06-09	0.005221932114882507
2016-06-10	0.0
2016-06-11	0.0
2016-06-12	0.005141388174807198
2016-06-13	0.0
2016-06-14	0.0
2016-06-15	0.0
2016-06-16	0.0034071550255536627
2016-06-17	0.0021231422505307855
2016-06-18	0.0011086474501108647
2016-06-19	0.0016051364365971107
2016-06-20	0.0
2016-06-21	0.0018587360594795538
2016-06-22	0.0
2016-06-23	0.0
2016-06-24	0.0
2016-06-25	0.0
2016-06-26	0.0
2016-06-27	0.0
2016-06-28	0.0
2016-06-29	0.0
2016-06-30	0.0
2016-07-01	0.0
2016-07-02	0.0
2016-07-03	0.0
2016-07-04	0.0
2016-07-05	0.004073319755600814
2016-07-06	0.0028694404591104736
2016-07-07	0.0
2016-07-08	0.0018315018315018315
2016-07-09	0.002331002331002331
2016-07-10	0.0
2016-07-11	0.0
2016-07-12	0.0
2016-07-13	0.0
2016-07-14	0.0
2016-07-15	0.021844660194174758
2016-07-16	0.0
2016-07-17	0.0
2016-07-18	0.0
2016-07-19	0.0
2016-07-20	0.0
2016-07-21	0.0
2016-07-22	0.0
2016-07-23	0.0
2016-07-24	0.0
2016-07-25	0.0
2016-07-26	0.0
2016-07-27	0.0
2016-07-28	0.0
2016-07-29	0.0
2016-07-30	0.0
2016-07-31	0.0
2016-08-01	0.0
2016-08-02	0.0
2016-08-03	0.0
2016-08-04	0.0
2016-08-05	0.0
2016-08-06	0.0
2016-08-07	0.0
2016-08-08	0.0
2016-08-09	0.0018726591760299626
2016-08-10	0.0020920502092050207
2016-08-11	0.0
2016-08-12	0.0
2016-08-13	0.012594458438287154
2016-08-14	0.0
2016-08-15	0.0
2016-08-16	0.0
2016-08-17	0.004629629629629629
2016-08-18	0.0018281535648994515
2016-08-19	0.0
2016-08-20	0.0
2016-08-21	0.0013458950201884253
2016-08-22	0.001584786053882726
2016-08-23	0.0021482277121374865
2016-08-24	0.0037313432835820895
2016-08-25	0.0016849199663016006
2016-08-26	9.775171065493646E-4
2016-08-27	0.0
2016-08-28	0.001783166904422254
2016-08-29	0.0014414414414414415
2016-08-30	0.0014150943396226414
2016-08-31	5.310674455655868E-4
2016-09-01	5.720823798627002E-4
2016-09-02	4.847309743092584E-4
2016-09-03	0.012048192771084338
2016-09-04	0.0014787430683918669
2016-09-05	7.390983000739098E-4
2016-09-06	0.001583531274742676
2016-09-07	4.411116012351125E-4
2016-09-08	0.0010520778537611783
2016-09-09	0.001034126163391934
2016-09-10	0.0
2016-09-11	0.0
2016-09-12	0.0010723860589812334
2016-09-13	0.0018915510718789407
2016-09-14	0.0028368794326241137
2016-09-15	6.609385327164573E-4
2016-09-16	0.0
2016-09-17	0.0
2016-09-18	8.673026886383347E-4
2016-09-19	0.010582010582010581
2016-09-20	0.0012195121951219512
2016-09-21	0.001277139208173691
2016-09-22	0.0
2016-09-23	7.15307582260372E-4
2016-09-24	0.0
2016-09-25	0.0
2016-09-26	0.0
2016-09-27	0.0
2016-09-28	0.0
2016-09-29	0.0
2016-09-30	0.0
2016-10-01	0.0
2016-10-02	0.0
2016-10-03	0.0
2016-10-04	0.0
2016-10-05	0.0
2016-10-06	0.0012507817385866166
2016-10-07	0.0
2016-10-08	8.673026886383347E-4
2016-10-09	0.0014792899408284023
2016-10-10	0.0013114754098360656
2016-10-11	0.0023515579071134627
2016-10-12	0.0
2016-10-13	6.565988181221273E-4
2016-10-14	0.0
2016-10-15	0.0013633265167007499
2016-10-16	6.618133686300463E-4
2016-10-17	0.0
2016-10-18	0.0
2016-10-19	0.0
2016-10-20	0.0
2016-10-21	0.0
2016-10-22	0.0
2016-10-23	9.216589861751152E-4
2016-10-24	6.775067750677507E-4
2016-10-25	0.0
2016-10-26	0.0
2016-10-27	0.0
2016-10-28	0.0
2016-10-29	0.0
2016-10-30	0.0
2016-10-31	0.0
2016-11-01	6.756756756756757E-4
2016-11-02	0.0
2016-11-03	0.0
2016-11-04	8.481764206955047E-4
2016-11-05	0.0
2016-11-06	0.0
2016-11-07	0.0
2016-11-08	0.0015889830508474577
2016-11-09	0.0
2016-11-10	0.0
2016-11-11	0.003927729772191673
2016-11-12	0.0
2016-11-13	0.0
2016-11-14	0.0
2016-11-15	0.0
2016-11-16	0.0
2016-11-17	0.0
2016-11-18	0.0
2016-11-19	0.0
2016-11-20	0.0
2016-11-21	0.0
2016-11-22	0.0
2016-11-23	0.0
2016-11-24	0.0
2016-11-25	0.0014492753623188406
2016-11-26	8.748906386701663E-4
2016-11-27	8.058017727639E-4
2016-11-28	0.0
2016-11-29	0.0
2016-11-30	0.0
2016-12-01	0.0
2016-12-02	0.0
2016-12-03	0.0
2016-12-04	0.0
2016-12-05	0.0
2016-12-06	0.0
2016-12-07	0.0
2016-12-08	0.0
2016-12-09	0.0
2016-12-10	0.0
2016-12-11	0.0
2016-12-12	0.0
2016-12-13	0.0
2016-12-14	0.0
2016-12-15	0.0
2016-12-16	0.0
2016-12-17	0.0
2016-12-18	0.0
2016-12-19	0.0
2016-12-20	0.0
2016-12-21	0.0
2016-12-22	4.553734061930783E-4
2016-12-23	9.564801530368245E-4
2016-12-24	0.0
2016-12-25	0.0
2016-12-26	0.0
2016-12-27	0.0
2016-12-28	0.0
2016-12-29	5.543237250554324E-4
2016-12-30	0.0
2016-12-31	0.0
2017-01-01	0.0
2017-01-02	4.715868898844612E-4
2017-01-03	4.701457451810061E-4
2017-01-04	2.2629554197782303E-4
2017-01-05	8.340283569641367E-4
2017-01-06	0.0014611338398597311
2017-01-07	0.0014561339643247178
2017-01-08	3.5739814152966406E-4
2017-01-09	0.0014477017734346724
2017-01-10	0.0
2017-01-11	0.0
2017-01-12	4.302925989672978E-4
2017-01-13	0.0
2017-01-14	0.0
2017-01-15	0.0
2017-01-16	3.6832412523020257E-4
2017-01-17	0.0
2017-01-18	3.5385704175513094E-4
2017-01-19	0.0028169014084507044
2017-01-20	3.386386725364037E-4
2017-01-21	0.0
2017-01-22	0.0
2017-01-23	0.0
2017-01-24	3.90625E-4
2017-01-25	0.0
2017-01-26	0.0
2017-01-27	0.0
2017-01-28	0.0
2017-01-29	0.0
2017-01-30	0.0
2017-01-31	4.144218814753419E-4
2017-02-01	0.0
2017-02-02	0.0
2017-02-03	0.0
2017-02-04	0.0
2017-02-05	0.0
2017-02-06	4.3047783039173483E-4
2017-02-07	3.901677721420211E-4
2017-02-08	0.0
2017-02-09	3.935458480913026E-4
2017-02-10	0.0
2017-02-11	0.0
2017-02-12	0.0
2017-02-13	0.0
2017-02-14	4.137360364087712E-4
2017-02-15	0.0
2017-02-16	8.054772452678212E-4
2017-02-17	0.0
2017-02-18	4.551661356395084E-4
2017-02-19	0.0
2017-02-20	3.853564547206166E-4
2017-02-21	0.0
2017-02-22	0.0013181019332161687
2017-02-23	0.0
2017-02-24	0.0
2017-02-25	4.5955882352941176E-4
2017-02-26	0.0
2017-02-27	3.9872408293460925E-4
2017-02-28	0.0
2017-03-01	0.0
2017-03-02	0.0
2017-03-03	0.0
2017-03-04	0.0
2017-03-05	0.0
2017-03-06	9.560229445506692E-4
2017-03-07	4.268032437046522E-4
2017-03-08	0.0
2017-03-09	0.0
2017-03-10	3.952569169960474E-4
2017-03-11	0.0
2017-03-12	0.0
2017-03-13	0.0
2017-03-14	0.0
2017-03-15	3.4928396786587494E-4
2017-03-16	2.531004808909137E-4
2017-03-17	9.555661729574773E-4
2017-03-18	3.2351989647363315E-4
2017-03-19	5.219206680584551E-4
2017-03-20	3.965107057890563E-4
2017-03-21	0.0
2017-03-22	5.763688760806917E-4
2017-03-23	3.76081233546446E-4
2017-03-24	0.0
2017-03-25	0.0
2017-03-26	0.0
2017-03-27	0.0
2017-03-28	0.0
2017-03-29	0.0
2017-03-30	0.0
2017-03-31	0.0
2017-04-01	7.870916961826052E-4
2017-04-02	0.0
2017-04-03	3.6153289949385393E-4
2017-04-04	6.578947368421052E-4
2017-04-05	0.0
2017-04-06	4.338394793926247E-4
2017-04-07	0.0
2017-04-08	0.0
2017-04-09	0.0
2017-04-10	0.0
2017-04-11	3.8476337052712584E-4
2017-04-12	7.84313725490196E-4
2017-04-13	8.818342151675485E-4
2017-04-14	0.0
2017-04-15	0.0
2017-04-16	0.0010542962572482868
2017-04-17	0.0
2017-04-18	0.0
2017-04-19	0.0
2017-04-20	7.818608287724785E-4
2017-04-21	0.0
2017-04-22	0.0
2017-04-23	0.0
2017-04-24	7.846214201647705E-4
2017-04-25	0.0
2017-04-26	0.0
2017-04-27	0.0
2017-04-28	3.9323633503735744E-4
2017-04-29	4.314063848144953E-4
2017-04-30	0.0
2017-05-01	0.0
2017-05-02	4.051863857374392E-4
2017-05-03	3.745318352059925E-4
2017-05-04	0.0
2017-05-05	0.0
2017-05-06	3.766478342749529E-4
2017-05-07	0.0
2017-05-08	6.188118811881188E-4
2017-05-09	0.0
2017-05-10	3.139717425431711E-4
2017-05-11	0.0
2017-05-12	0.0
2017-05-13	0.0
2017-05-14	0.0
2017-05-15	0.0
2017-05-16	0.0
2017-05-17	3.9184952978056425E-4
2017-05-18	0.0
2017-05-19	0.0
2017-05-20	0.0
2017-05-21	0.0
2017-05-22	2.909514111143439E-4
2017-05-23	2.4289531212047608E-4
2017-05-24	9.191176470588235E-4
2017-05-25	2.313208420078649E-4
2017-05-26	0.0
2017-05-27	0.0
2017-05-28	0.0
2017-05-29	9.956853634251576E-4
2017-05-30	0.0
2017-05-31	0.0
2017-06-01	3.5112359550561797E-4
2017-06-02	0.0
2017-06-03	0.0
2017-06-04	4.562043795620438E-4
2017-06-05	0.0
2017-06-06	0.0
2017-06-07	0.0
2017-06-08	3.33667000333667E-4
2017-06-09	3.259452411994785E-4
2017-06-10	3.341129301703976E-4
2017-06-11	3.447087211306446E-4
2017-06-12	0.0
2017-06-13	0.0
2017-06-14	0.0
2017-06-15	3.0665440049064706E-4
2017-06-16	0.0
2017-06-17	0.0
2017-06-18	0.0
2017-06-19	0.0
2017-06-20	0.0
2017-06-21	3.694126339120798E-4
2017-06-22	0.0
2017-06-23	0.0
2017-06-24	4.268032437046522E-4
2017-06-25	0.0
2017-06-26	0.0
2017-06-27	0.0
2017-06-28	0.0
2017-06-29	0.0
2017-06-30	0.0
2017-07-01	0.0
2017-07-02	0.0
2017-07-03	6.480881399870382E-4
2017-07-04	0.0
2017-07-05	0.0
2017-07-06	0.0
2017-07-07	3.6859565057132326E-4
2017-07-08	0.0
2017-07-09	0.0
2017-07-10	0.0
2017-07-11	0.0
2017-07-12	3.6589828027808267E-4
2017-07-13	7.821666014861165E-4
2017-07-14	0.0
2017-07-15	0.0
2017-07-16	0.0
2017-07-17	0.0
2017-07-18	0.0
2017-07-19	3.497726477789437E-4
2017-07-20	3.4153005464480874E-4
2017-07-21	3.6231884057971015E-4
2017-07-22	0.0
2017-07-23	0.0
2017-07-24	0.0
2017-07-25	0.0
2017-07-26	0.0
2017-07-27	0.0
2017-07-28	0.0
2017-07-29	0.0
2017-07-30	0.0
2017-07-31	0.0
2017-08-01	0.0
2017-08-02	3.0193236714975844E-4
2017-08-03	0.0
2017-08-04	0.0
2017-08-05	0.0
2017-08-06	0.0
2017-08-07	0.0
2017-08-08	2.6483050847457627E-4
2017-08-09	3.098853424233034E-4
2017-08-10	0.0
2017-08-11	0.0
2017-08-12	3.243593902043464E-4
2017-08-13	0.0
2017-08-14	0.0
2017-08-15	0.0
2017-08-16	0.0
2017-08-17	3.26477309826967E-4
2017-08-18	3.679175864606328E-4
2017-08-19	5.72573718866304E-4
2017-08-20	0.0
2017-08-21	0.0
2017-08-22	2.655337227827934E-4
2017-08-23	0.0
2017-08-24	6.246096189881324E-4
2017-08-25	1.6142050040355126E-4
2017-08-26	0.0
2017-08-27	0.0
2017-08-28	0.0
2017-08-29	0.0
2017-08-30	3.0902348578491963E-4
2017-08-31	1.836210062431142E-4
2017-09-01	0.0
2017-09-02	0.0
2017-09-03	0.0
2017-09-04	1.966955153422502E-4
2017-09-05	0.0
2017-09-06	1.8882175226586103E-4
2017-09-07	0.0
2017-09-08	4.476275738585497E-4
2017-09-09	0.0
2017-09-10	0.0
2017-09-11	0.0
2017-09-12	0.0
2017-09-13	0.0
2017-09-14	1.859773107680863E-4
2017-09-15	2.0408163265306123E-4
2017-09-16	0.0
2017-09-17	0.0
2017-09-18	0.0010683760683760685
2017-09-19	0.0
2017-09-20	0.0
2017-09-21	0.0
2017-09-22	0.0
2017-09-23	0.0
2017-09-24	0.0
2017-09-25	0.0
2017-09-26	0.0
2017-09-27	2.0214271275520516E-4
2017-09-28	4.3840420868040335E-4
2017-09-29	2.3696682464454977E-4
2017-09-30	0.0
2017-10-01	0.0
2017-10-02	7.00770847932726E-4
2017-10-03	2.4260067928190198E-4
2017-10-04	2.844950213371266E-4
2017-10-05	0.0
2017-10-06	0.0
2017-10-07	0.0
2017-10-08	0.0
2017-10-09	0.0
2017-10-10	0.0
2017-10-11	0.0
2017-10-12	2.447381302006853E-4
2017-10-13	6.509004122369278E-4
2017-10-14	0.0
2017-10-15	0.0
2017-10-16	2.457002457002457E-4
2017-10-17	8.699434536755111E-4
2017-10-18	0.0
2017-10-19	0.0
2017-10-20	0.0
2017-10-21	0.0
2017-10-22	2.718868950516585E-4
2017-10-23	0.0
2017-10-24	2.3820867079561695E-4
2017-10-25	2.442002442002442E-4
2017-10-26	0.0
2017-10-27	2.840909090909091E-4
2017-10-28	0.0
2017-10-29	0.0
2017-10-30	0.0
2017-10-31	0.0
2017-11-01	0.0
2017-11-02	0.0
2017-11-03	0.0
2017-11-04	3.053435114503817E-4
2017-11-05	2.8506271379703536E-4
2017-11-06	0.0
2017-11-07	0.0
2017-11-08	0.0
2017-11-09	0.0
2017-11-10	1.8825301204819278E-4
2017-11-11	0.0
2017-11-12	0.0
2017-11-13	1.7452006980802793E-4
2017-11-14	2.4437927663734115E-4
2017-11-15	2.1294718909710392E-4
2017-11-16	2.2696323195642307E-4
2017-11-17	0.0
2017-11-18	0.0
2017-11-19	0.0
2017-11-20	3.9277297721916735E-4
2017-11-21	0.0
2017-11-22	1.291822761917065E-4
2017-11-23	0.0
2017-11-24	1.7108639863130882E-4
2017-11-25	0.0
2017-11-26	0.0
2017-11-27	1.6233766233766234E-4
2017-11-28	0.0
2017-11-29	2.5697031992804833E-4
2017-11-30	0.0
2017-12-01	0.0
2017-12-02	3.845414343395501E-4
2017-12-03	1.4347202295552367E-4
2017-12-04	0.0
2017-12-05	0.0
2017-12-06	1.8462106526354657E-4
2017-12-07	1.1544677903486493E-4
2017-12-08	1.6286644951140066E-4
2017-12-09	1.9892580067634773E-4
2017-12-10	2.0601565718994644E-4
2017-12-11	3.3206043499916984E-4
2017-12-12	1.339046598821639E-4
2017-12-13	1.2150668286755772E-4
2017-12-14	1.322401481089659E-4
2017-12-15	0.0
2017-12-16	3.167564143173899E-4
2017-12-17	5.471207769115032E-4
2017-12-18	5.521048999309869E-4
2017-12-19	3.530242409978819E-4
2017-12-20	9.355412105903265E-5
2017-12-21	3.183023872679045E-4
2017-12-22	0.0
2017-12-23	0.0
2017-12-24	2.23563603845294E-4
2017-12-25	0.0
2017-12-26	1.6753224995811694E-4
2017-12-27	1.2812299807815503E-4
2017-12-28	3.15955766192733E-4
2017-12-29	0.0
2017-12-30	0.0
2017-12-31	0.0
2018-01-01	0.0
2018-01-02	1.48720999405116E-4
2018-01-03	0.0
2018-01-04	0.0
2018-01-05	1.497454327643007E-4
2018-01-06	2.748007694421544E-4
2018-01-07	1.3227513227513228E-4
2018-01-08	0.0
2018-01-09	3.656752803510483E-4
2018-01-10	1.5335071308081582E-4
2018-01-11	0.0
2018-01-12	0.0
2018-01-13	0.0
2018-01-14	2.109704641350211E-4
2018-01-15	1.7091095539224064E-4
2018-01-16	0.0
2018-01-17	1.905850962454736E-4
2018-01-18	0.0
2018-01-19	1.8811136192626034E-4
2018-01-20	1.9029495718363463E-4
2018-01-21	1.9069412662090009E-4
2018-01-22	2.003606491685033E-4
2018-01-23	0.0
2018-01-24	1.9142419601837673E-4
2018-01-25	0.0
2018-01-26	0.0
2018-01-27	0.0
2018-01-28	0.0
2018-01-29	0.0
2018-01-30	1.9051247856734617E-4
2018-01-31	0.0
2018-02-01	1.9825535289452815E-4
2018-02-02	3.772873042822109E-4
2018-02-03	0.0
2018-02-04	0.0
2018-02-05	0.0
2018-02-06	0.0
2018-02-07	2.3696682464454977E-4
2018-02-08	0.0
2018-02-09	5.209690023443605E-4
2018-02-10	0.0
2018-02-11	0.0
2018-02-12	2.465483234714004E-4
2018-02-13	2.521432173474534E-4
2018-02-14	0.0
2018-02-15	0.0
2018-02-16	0.0
2018-02-17	2.638522427440633E-4
2018-02-18	0.0
2018-02-19	0.0
2018-02-20	0.0
2018-02-21	2.1973192704900023E-4
2018-02-22	0.0
2018-02-23	9.038867128653209E-4
2018-02-24	0.0
2018-02-25	0.0
2018-02-26	0.0
2018-02-27	0.0
2018-02-28	2.5497195308516065E-4
2018-03-01	0.0
2018-03-02	0.0
2018-03-03	0.0
2018-03-04	1.9611688566385565E-4
2018-03-05	0.0
2018-03-06	3.785011355034065E-4
2018-03-07	0.0
2018-03-08	4.4802867383512545E-4
2018-03-09	2.4113817217265494E-4
2018-03-10	0.0
2018-03-11	0.0
2018-03-12	0.0
2018-03-13	0.0
2018-03-14	0.0
2018-03-15	0.0
2018-03-16	3.243593902043464E-4
2018-03-17	0.0
2018-03-18	0.0
2018-03-19	0.0
2018-03-20	0.0
2018-03-21	0.0
2018-03-22	0.0
2018-03-23	3.0193236714975844E-4
2018-03-24	0.0
2018-03-25	0.0
2018-03-26	2.8935185185185184E-4
2018-03-27	0.0
2018-03-28	0.0
2018-03-29	0.0
2018-03-30	0.0
2018-03-31	0.0
2018-04-01	0.0
2018-04-02	6.491398896462187E-4
2018-04-03	5.217845030002609E-4
2018-04-04	2.8145229383619476E-4
2018-04-05	3.745318352059925E-4
2018-04-06	4.5475216007276033E-4
2018-04-07	0.0
2018-04-08	0.0011815675462780622
2018-04-09	2.7586206896551725E-4
2018-04-10	0.0
2018-04-11	1.9054878048780488E-4
2018-04-12	1.9138755980861245E-4
2018-04-13	0.0
2018-04-14	0.0
2018-04-15	2.0454080589077522E-4
2018-04-16	1.6966406515100103E-4
2018-04-17	1.7908309455587392E-4
2018-04-18	0.0
2018-04-19	0.0
2018-04-20	1.6998130205677376E-4
2018-04-21	0.0
2018-04-22	1.631321370309951E-4
2018-04-23	1.482799525504152E-4
2018-04-24	0.0
2018-04-25	0.0
2018-04-26	0.0
2018-04-27	1.5098897780462027E-4
2018-04-28	0.0
2018-04-29	0.0
2018-04-30	0.0
2018-05-01	1.3267878466233248E-4
2018-05-02	0.0
2018-05-03	1.2379301807378064E-4
2018-05-04	3.3955857385398983E-4
2018-05-05	1.7032873445750298E-4
2018-05-06	0.0
2018-05-07	3.667033370003667E-4
2018-05-08	1.8608113137327876E-4
2018-05-09	0.0
2018-05-10	0.0
2018-05-11	0.0
2018-05-12	0.0
2018-05-13	0.0
2018-05-14	0.0
2018-05-15	0.0
2018-05-16	1.8646280067126608E-4
2018-05-17	3.04228780042592E-4
2018-05-18	2.0403999183840033E-4
2018-05-19	0.0
2018-05-20	2.2396416573348266E-4
2018-05-21	0.0
2018-05-22	0.0
2018-05-23	0.0
2018-05-24	2.0837674515524068E-4
2018-05-25	0.0
2018-05-26	0.0
2018-05-27	0.0
2018-05-28	0.0
2018-05-29	1.9557989438685703E-4
2018-05-30	0.0
2018-05-31	0.0
2018-06-01	0.0
2018-06-02	0.0
2018-06-03	0.0
2018-06-04	0.0
2018-06-05	0.0
2018-06-06	0.0
2018-06-07	0.0
2018-06-08	0.0
2018-06-09	0.0
2018-06-10	2.358490566037736E-4
2018-06-11	1.9116803670426305E-4
2018-06-12	0.0
2018-06-13	0.0
2018-06-14	0.0
2018-06-15	4.7058823529411766E-4
2018-06-16	0.0
2018-06-17	0.0
2018-06-18	0.0
2018-06-19	0.0
2018-06-20	0.0
2018-06-21	0.0
2018-06-22	0.0
2018-06-23	0.0
2018-06-24	0.0
2018-06-25	0.0
2018-06-26	0.0
2018-06-27	0.0
2018-06-28	0.0
2018-06-29	0.0
2018-06-30	0.0
2018-07-01	0.0
2018-07-02	0.0
2018-07-03	0.0
2018-07-04	0.0
2018-07-05	0.0
2018-07-06	0.0
2018-07-07	0.0
2018-07-08	0.0
2018-07-09	0.0
2018-07-10	0.0
2018-07-11	2.4752475247524753E-4
2018-07-12	0.0
2018-07-13	0.0
2018-07-14	0.0
2018-07-15	0.0
2018-07-16	0.0
2018-07-17	0.0
2018-07-18	0.0
2018-07-19	2.2568269013766644E-4
2018-07-20	0.0
2018-07-21	0.0
2018-07-22	0.0
2018-07-23	0.0
2018-07-24	0.0
2018-07-25	0.0
2018-07-26	0.0
2018-07-27	0.0
2018-07-28	0.0
2018-07-29	0.0
2018-07-30	0.0
2018-07-31	0.0
2018-08-01	0.0
2018-08-02	0.0
2018-08-03	0.0
2018-08-04	0.0
2018-08-05	0.0
2018-08-06	0.0
2018-08-07	0.0
2018-08-08	2.5510204081632655E-4
2018-08-09	0.0
2018-08-10	0.0
2018-08-11	0.0
2018-08-12	0.0
2018-08-13	0.0
2018-08-14	0.0
2018-08-15	0.0
2018-08-16	0.0
2018-08-17	0.0
2018-08-18	0.0
2018-08-19	0.0
2018-08-20	0.0
2018-08-21	0.0
2018-08-22	5.46000546000546E-4
2018-08-23	5.819028222286878E-4
2018-08-24	0.0
2018-08-25	8.766803039158387E-4
2018-08-26	0.0
2018-08-27	0.0
2018-08-28	0.0
2018-08-29	0.0
2018-08-30	0.0
2018-08-31	0.0
2018-09-01	0.0
2018-09-02	0.0
2018-09-03	0.0
2018-09-04	0.0
2018-09-05	0.0
2018-09-06	5.219206680584551E-4
2018-09-07	0.0
2018-09-08	0.0
2018-09-09	2.6198585276395077E-4
2018-09-10	0.0
2018-09-11	0.0
2018-09-12	0.0
2018-09-13	0.0
2018-09-14	2.149151085321298E-4
2018-09-15	0.0
2018-09-16	2.2935779816513763E-4
2018-09-17	0.0
2018-09-18	0.0
2018-09-19	2.3551577955723034E-4
2018-09-20	0.0
2018-09-21	0.0
2018-09-22	0.0
2018-09-23	0.0
2018-09-24	0.0
2018-09-25	0.0
2018-09-26	0.0
2018-09-27	0.0
2018-09-28	0.0
2018-09-29	0.0
2018-09-30	0.0
2018-10-01	0.0
2018-10-02	2.6483050847457627E-4
2018-10-03	0.0
2018-10-04	2.6343519494204424E-4
2018-10-05	0.0
2018-10-06	0.0
2018-10-07	3.0120481927710846E-4
2018-10-08	2.6171159382360636E-4
2018-10-09	0.0
2018-10-10	2.975304968759298E-4
2018-10-11	0.0
2018-10-12	0.0
2018-10-13	0.0
2018-10-14	3.0807147258163895E-4
2018-10-15	0.0
2018-10-16	0.0
2018-10-17	0.0
2018-10-18	0.0
2018-10-19	0.0
2018-10-20	0.0
2018-10-21	0.0
2018-10-22	0.0
2018-10-23	0.0
2018-10-24	0.0
2018-10-25	0.0
2018-10-26	0.0
2018-10-27	0.0
2018-10-28	0.0
2018-10-29	0.0
2018-10-30	0.0
2018-10-31	0.0
2018-11-01	0.0
2018-11-02	0.0
2018-11-03	0.0
2018-11-04	0.0
2018-11-05	0.0
2018-11-06	0.0
2018-11-07	0.0
2018-11-08	0.0
2018-11-09	0.0
2018-11-10	0.0
2018-11-11	0.0
2018-11-12	0.0
2018-11-13	0.0
2018-11-14	0.0
2018-11-15	0.0
2018-11-16	0.0
2018-11-17	0.0
2018-11-18	0.0
2018-11-19	0.0
2018-11-20	0.0
2018-11-21	0.0
2018-11-22	0.0
2018-11-23	0.0
2018-11-24	0.0
2018-11-25	0.0
2018-11-26	0.0
2018-11-27	0.0
2018-11-28	0.0
2018-11-29	0.0
2018-11-30	0.0
2018-12-01	0.0
2018-12-02	0.0
2018-12-03	0.0
2018-12-04	0.0
2018-12-05	0.0
2018-12-06	0.0
2018-12-07	0.0
2018-12-08	0.0
2018-12-09	0.0
2018-12-10	0.0
2018-12-11	0.0
2018-12-12	0.0
2018-12-13	0.0
2018-12-14	0.0
2018-12-15	0.0
2018-12-16	0.0
2018-12-17	0.0
2018-12-18	0.0
2018-12-19	0.0
2018-12-20	0.0
2018-12-21	0.0
2018-12-22	0.0
2018-12-23	0.0
2018-12-24	0.0
2018-12-25	0.0
2018-12-26	0.0
2018-12-27	0.0
2018-12-28	0.0
2018-12-29	0.0
2018-12-30	0.0
2018-12-31	0.0
2019-01-01	0.0
2019-01-02	0.0
2019-01-03	0.0
2019-01-04	0.0
2019-01-05	0.0
2019-01-06	0.0
2019-01-07	0.0
2019-01-08	0.0
2019-01-09	0.0
2019-01-10	0.0
2019-01-11	0.0
2019-01-12	0.0
2019-01-13	0.0
2019-01-14	0.0
2019-01-15	0.0
2019-01-16	0.0
2019-01-17	0.0
2019-01-18	0.0
2019-01-19	0.0
2019-01-20	0.0
2019-01-21	0.0
2019-01-22	0.0
2019-01-23	0.0
2019-01-24	0.0
2019-01-25	0.0
2019-01-26	0.0
2019-01-27	0.0
2019-01-28	0.0
2019-01-29	0.0
2019-01-30	0.0
2019-01-31	0.0
2019-02-01	0.0
2019-02-02	0.0
2019-02-03	0.0
2019-02-04	0.0
2019-02-05	0.0
2019-02-06	0.0
2019-02-07	0.0
2019-02-08	0.0
2019-02-09	0.0
2019-02-10	0.0
2019-02-11	0.0
2019-02-12	0.0
2019-02-13	0.0
2019-02-14	0.0
2019-02-15	0.0
2019-02-16	0.0
2019-02-17	0.0
2019-02-18	0.0
2019-02-19	0.0
2019-02-20	0.0
2019-02-21	0.0
2019-02-22	0.0
2019-02-23	0.0
2019-02-24	0.0
2019-02-25	0.0
2019-02-26	0.0
2019-02-27	0.0
2019-02-28	0.0
2019-03-01	0.0
2019-03-02	0.0
2019-03-03	0.0
2019-03-04	0.0
2019-03-05	0.0
2019-03-06	0.0
2019-03-07	0.0
2019-03-08	0.0
2019-03-09	0.0
2019-03-10	6.527415143603133E-4
2019-03-11	0.0
2019-03-12	0.0
2019-03-13	2.585315408479835E-4
2019-03-14	0.0
2019-03-15	0.0
2019-03-16	0.0
2019-03-17	0.0
2019-03-18	0.0
2019-03-19	0.0
2019-03-20	0.0
2019-03-21	0.0
2019-03-22	0.0
2019-03-23	0.0
2019-03-24	0.0
2019-03-25	0.0
2019-03-26	0.0
2019-03-27	0.0
2019-03-28	0.0
2019-03-29	0.0
2019-03-30	0.0
2019-03-31	0.0
2019-04-01	0.0
2019-04-02	4.0724903278354713E-4
2019-04-03	5.861664712778429E-4
2019-04-04	0.0
2019-04-05	0.0
2019-04-06	0.0
2019-04-07	0.0
2019-04-08	0.0
2019-04-09	0.0
2019-04-10	0.0
2019-04-11	2.2696323195642307E-4
2019-04-12	4.84027105517909E-4
2019-04-13	0.0
2019-04-14	0.0
2019-04-15	0.0
2019-04-16	0.0
2019-04-17	2.7005130974885227E-4
2019-04-18	2.794076557697681E-4
2019-04-19	0.0
2019-04-20	0.0
2019-04-21	0.0
2019-04-22	2.0197939810139365E-4
2019-04-23	2.1190930281839374E-4
2019-04-24	0.0
2019-04-25	0.0
2019-04-26	0.0
2019-04-27	0.0
2019-04-28	0.0
2019-04-29	0.0
2019-04-30	0.0
2019-05-01	0.0
2019-05-02	6.525285481239805E-5
2019-05-03	0.0
2019-05-04	0.0
2019-05-05	0.0
2019-05-06	0.0
2019-05-07	0.0
2019-05-08	0.0
2019-05-09	0.0
2019-05-10	0.0
2019-05-11	9.490367277213628E-5
2019-05-12	0.0
2019-05-13	0.0
2019-05-14	0.0
2019-05-15	0.0
2019-05-16	9.995002498750625E-5
2019-05-17	1.1321181931393638E-4
2019-05-18	0.0
2019-05-19	0.0
2019-05-20	9.032607713846988E-5
2019-05-21	0.0
2019-05-22	9.791442279447762E-5
2019-05-23	1.0086746015735324E-4
2019-05-24	3.354954148959964E-4
2019-05-25	0.0
2019-05-26	0.0
2019-05-27	0.0
2019-05-28	0.0
2019-05-29	0.0
2019-05-30	0.0
2019-05-31	0.0
2019-06-01	0.0
2019-06-02	0.0
2019-06-03	0.0
2019-06-04	0.0
2019-06-05	0.0
2019-06-06	0.0
2019-06-07	0.0
2019-06-08	0.0
2019-06-09	0.0
2019-06-10	1.0551862403714256E-4
2019-06-11	0.0
2019-06-12	0.0
2019-06-13	0.0
2019-06-14	0.0
2019-06-15	0.0
2019-06-16	0.0
2019-06-17	0.0
2019-06-18	0.0
2019-06-19	0.0
2019-06-20	0.0
2019-06-21	0.0
2019-06-22	0.0
2019-06-23	0.0
2019-06-24	0.0
2019-06-25	0.0
2019-06-26	1.1361054305839582E-4
2019-06-27	1.3702384214853386E-4
2019-06-28	0.0
2019-06-29	0.0
2019-06-30	0.0
2019-07-01	0.0
2019-07-02	0.0
2019-07-03	0.0
2019-07-04	0.0
2019-07-05	3.093580819798917E-4
2019-07-06	1.3683634373289546E-4
2019-07-07	0.0
2019-07-08	0.0
2019-07-09	1.4570887367040654E-4
2019-07-10	0.0
2019-07-11	1.8758206715438003E-4
2019-07-12	0.0
2019-07-13	0.0
2019-07-14	1.866368047779022E-4
2019-07-15	0.0
2019-07-16	0.0
2019-07-17	1.6622340425531914E-4
2019-07-18	1.7406440382941688E-4
2019-07-19	0.0
2019-07-20	0.0
2019-07-21	0.0
2019-07-22	0.0
2019-07-23	0.0
2019-07-24	0.0
2019-07-25	0.0
2019-07-26	0.0
2019-07-27	2.3952095808383233E-4
2019-07-28	0.0
2019-07-29	0.0
2019-07-30	0.0
2019-07-31	0.0
2019-08-01	0.0
2019-08-02	0.0
2019-08-03	0.0
2019-08-04	0.0
2019-08-05	0.0
2019-08-06	0.0
2019-08-07	3.174099349309633E-4
2019-08-08	0.0
2019-08-09	0.0
2019-08-10	0.0
2019-08-11	0.0
2019-08-12	0.0
2019-08-13	0.0
2019-08-14	0.0
2019-08-15	0.0
2019-08-16	0.0
2019-08-17	0.0
2019-08-18	0.0
2019-08-19	2.863278453829635E-4
2019-08-20	0.0
2019-08-21	0.0
2019-08-22	0.0
2019-08-23	0.0
2019-08-24	0.0
2019-08-25	0.0
2019-08-26	0.0
2019-08-27	0.0
2019-08-28	0.0
2019-08-29	0.0
2019-08-30	0.0
2019-08-31	0.0
2019-09-01	0.0
2019-09-02	0.0
2019-09-03	0.0
2019-09-04	0.0
2019-09-05	0.0
2019-09-06	0.0
2019-09-07	0.0
2019-09-08	0.0
2019-09-09	0.0
2019-09-10	0.0
2019-09-11	0.0
2019-09-12	0.0
2019-09-13	0.0
2019-09-14	0.0
2019-09-15	0.0
2019-09-16	0.0
2019-09-17	0.0
2019-09-18	0.0
2019-09-19	0.0
2019-09-20	0.0
2019-09-21	0.0
2019-09-22	0.0
2019-09-23	0.0
2019-09-24	0.0
2019-09-25	0.0
2019-09-26	2.043318348998774E-4
2019-09-27	0.0
2019-09-28	0.0
2019-09-29	0.0
2019-09-30	0.0
2019-10-01	0.0
2019-10-02	0.0
2019-10-03	0.0
2019-10-04	0.0
2019-10-05	0.0
2019-10-06	0.0
2019-10-07	0.0
2019-10-08	0.0
2019-10-09	0.0
2019-10-10	0.0
2019-10-11	0.0
2019-10-12	0.0
2019-10-13	0.0
2019-10-14	0.0
2019-10-15	0.0
2019-10-16	0.0
2019-10-17	0.0
2019-10-18	0.0
2019-10-19	0.0
2019-10-20	0.0
2019-10-21	0.0
2019-10-22	0.0
2019-10-23	0.0
2019-10-24	0.0
2019-10-25	0.0
2019-10-26	0.0
2019-10-27	0.0
2019-10-28	0.0
2019-10-29	0.0
2019-10-30	0.0
2019-10-31	0.0
2019-11-01	0.0
2019-11-02	0.0
2019-11-03	0.0
2019-11-04	0.0
2019-11-05	0.0
2019-11-06	0.0
2019-11-07	0.0
2019-11-08	0.0
2019-11-09	5.249343832020997E-4
2019-11-10	2.6500596263415925E-4
2019-11-11	0.0
2019-11-12	0.0
2019-11-13	0.0
2019-11-14	0.0
2019-11-15	0.0
2019-11-16	0.0
2019-11-17	0.0
2019-11-18	0.0
2019-11-19	0.0
2019-11-20	0.0
2019-11-21	0.0
2019-11-22	0.0
2019-11-23	2.0631318341242006E-4
2019-11-24	0.0
2019-11-25	0.0
2019-11-26	0.0
2019-11-27	0.0
2019-11-28	0.0
2019-11-29	0.0
2019-11-30	0.0
2019-12-01	0.0
2019-12-02	0.0
2019-12-03	0.0
2019-12-04	0.0
2019-12-05	0.0
2019-12-06	0.0
2019-12-07	0.0
2019-12-08	1.7021276595744682E-4
2019-12-09	0.0
2019-12-10	0.0
2019-12-11	0.0
2019-12-12	0.0
2019-12-13	0.0
2019-12-14	0.0
2019-12-15	3.190810465858328E-4
2019-12-16	0.0
2019-12-17	0.0
2019-12-18	0.0
2019-12-19	0.0
2019-12-20	0.0
2019-12-21	0.0
2019-12-22	0.0
2019-12-23	0.0
2019-12-24	0.0
2019-12-25	0.0
2019-12-26	0.0
2019-12-27	0.0
2019-12-28	0.0
2019-12-29	1.2097749818533752E-4
2019-12-30	0.0
2019-12-31	0.0
2020-01-01	1.5396458814472672E-4
2020-01-02	0.0
2020-01-03	0.0
2020-01-04	0.0
2020-01-05	0.0
2020-01-06	0.0
2020-01-07	3.3116237995363726E-4
2020-01-08	0.0026613439787092482
2020-01-09	0.0
2020-01-10	0.0
2020-01-11	0.0
2020-01-12	0.0
2020-01-13	0.0
2020-01-14	0.0
2020-01-15	0.0
2020-01-16	0.0
2020-01-17	0.0
2020-01-18	0.0
2020-01-19	0.0
2020-01-20	0.0
2020-01-21	0.0
2020-01-22	0.0
2020-01-23	0.0
2020-01-24	0.0
2020-01-25	0.0
2020-01-26	0.0
2020-01-27	1.373060551970342E-4
2020-01-28	0.0
2020-01-29	0.0
2020-01-30	2.381235861412073E-4
2020-01-31	1.520912547528517E-4
2020-02-01	0.0
2020-02-02	0.0
2020-02-03	0.0
2020-02-04	3.545261167572678E-4
2020-02-05	0.0
2020-02-06	1.3844662882458813E-4
2020-02-07	0.0
2020-02-08	0.0
2020-02-09	0.0
2020-02-10	0.0
2020-02-11	0.0
2020-02-12	0.0
2020-02-13	0.0
2020-02-14	0.0
2020-02-15	0.0
2020-02-16	0.0
2020-02-17	0.0
2020-02-18	0.0
2020-02-19	0.0
2020-02-20	0.0
2020-02-21	0.0
2020-02-22	0.0
2020-02-23	0.0
2020-02-24	0.0
2020-02-25	0.0
2020-02-26	0.0
2020-02-27	0.0
2020-02-28	0.0
2020-02-29	0.0
2020-03-01	0.0
2020-03-02	0.0
2020-03-03	0.0
2020-03-04	0.0
2020-03-05	0.0
2020-03-06	0.0
2020-03-07	0.0
2020-03-08	0.0
2020-03-09	0.0
2020-03-10	0.0
2020-03-11	0.0
2020-03-12	0.0
2020-03-13	0.0
2020-03-14	0.0
2020-03-15	0.0
2020-03-16	0.0
2020-03-17	0.0
2020-03-18	0.0
2020-03-19	0.0
2020-03-20	0.0
2020-03-21	0.0
2020-03-22	0.0
2020-03-23	0.0
2020-03-24	0.0
2020-03-25	0.0
2020-03-26	0.0
2020-03-27	0.0
2020-03-28	0.0
2020-03-29	0.0
2020-03-30	0.0
2020-03-31	0.0
2020-04-01	0.0
2020-04-02	0.0
2020-04-03	0.0
2020-04-04	0.0
2020-04-05	0.0
2020-04-06	0.0
2020-04-07	0.0
2020-04-08	0.0
2020-04-09	0.0
2020-04-10	0.0
2020-04-11	0.0
2020-04-12	0.0
2020-04-13	0.0
2020-04-14	0.0
2020-04-15	0.0
